id,name
2dc31524-5154-51e2-b58d-aebdf1cf3150,Arrow Keys
5f362734-98d0-5a9f-8fad-daf50b457c51,Beastly
15cea245-fe73-5b54-bda8-efa0a165f6af,Bermith
85240e76-8e06-5c26-bb01-61499961e930,Bilalthebrown
6b910541-fffe-5d83-9e92-918ffa010c55,Brahmabull27
d5d0f58f-45cc-557e-a243-dcb6a13a7698,captn-bruh
30ec7287-c8e9-588c-b83d-52dd7c6cf2d7,deadly
27f8fb8b-372e-5d61-baef-0f499eb00fb3,Ecom
f717c0be-f1c1-5842-935d-3ec0c1da4976,far00q
6749be6f-a30d-5a39-87d5-473ee45eb210,Flix
102dfd18-b054-5f86-9f84-2a0078050691,hoda
0befc9db-3f26-5d8d-b4bd-7a717234dafb,itsalighani98
45117cfa-c002-5eaa-816d-bf24dc199ff8,Maze
1f4533a7-b0f0-52fa-8340-ab0718b2eeb0,mocha
66fae3ee-55e4-58a0-8d0c-377539d105f0,MujMo
57f7215d-ff05-521c-bcff-478eb4304c17,Pina
f67e4e10-f0e6-537c-8c85-75abf59323cf,REMU
4f706abc-5afe-5d83-a87b-1d477206d2b4,ShockD
ae377af7-50c6-556e-beff-b89df9bbccf9,SpalShBros
4be950ed-06a2-5070-83dd-3ec7ac55be43,TheCheesiestBoi
74a73b20-f261-5ab2-80f0-6ca0d3cc8b20,zmbi